"Numéro","conpre1p","conpre1s","conpre2p","conpre2s","conpre3p","conpre3s","imppre1p","imppre2p","imppre2s","indfut1p","indfut1s","indfut2p","indfut2s","indfut3p","indfut3s","indimp1p","indimp1s","indimp2p","indimp2s","indimp3p","indimp3s","indpre1p","indpre1s","indpre2p","indpre2s","indpre3p","indpre3s","infinitif","parpasF","parpasM","parpre","passim1p","passim1s","passim2p","passim2s","passim3p","passim3s","subimp1p","subimp1s","subimp2p","subimp2s","subimp3p","subimp3s","subpre1p","subpre1s","subpre2p","subpre2s","subpre3p","subpre3s"
"1","abaisserions","abaisserais","abaisseriez","abaisserais","abaisseraient","abaisserait","abaissons","abaissez","abaisse","abaisserons","abaisserai","abaisserez","abaisseras","abaisseront","abaissera","abaissions","abaissais","abaissiez","abaissais","abaissaient","abaissait","abaissons","abaisse","abaissez","abaisses","abaissent","abaisse","abaisser","abaissée","abaissé","abaissant","abaissâmes","abaissai","abaissâtes","abaissas","abaissèrent","abaissa","abaissassions","abaissasse","abaissassiez","abaissasses","abaissassent","abaissasse","abaissions","abaisse","abaissiez","abaisses","abaissent","abaisse"
"2","abandonnerions","abandonnerais","abandonneriez","abandonnerais","abandonneraient","abandonnerait","abandonnons","abandonnez","abandonne","abandonnerons","abandonnerai","abandonnerez","abandonneras","abandonneront","abandonnera","abandonnions","abandonnais","abandonniez","abandonnais","abandonnaient","abandonnait","abandonnons","abandonne","abandonnez","abandonnes","abandonnent","abandonne","abandonner","abandonnée","abandonné","abandonnant","abandonnâmes","abandonnai","abandonnâtes","abandonnas","abandonnèrent","abandonna","abandonnassions","abandonnasse","abandonnassiez","abandonnasses","abandonnassent","abandonnât","abandonnions","abandonne","abandonniez","abandonnes","abandonnent","abandonne"
"3","abasourdirions","abasourdirais","abasourdiriez","abasourdirais","abasourdiraient","abasourdirait","abasourdissons","abasourdissez","abasourdis","abasourdirons","abasourdirai","abasourdirez","abasourdiras","abasourdiront","abasourdira","abasourdissions","abasourdissais","abasourdissiez","abasourdissais","abasourdissaient","abasourdissait","abasourdissons","abasourdis","abasourdissez","abasourdis","abasourdissent","abasourdit","abasourdir","abasourdie","abasourdi","abasourdissant","abasourdîmes","abasourdis","abasourdîtes","abasourdis","abasourdirent","abasourdit","abasourdissions","abasourdisse","abasourdissiez","abasourdisses","abasourdissent","abasourdît","abasourdissions","abasourdisse","abasourdissiez","abasourdisses","abasourdissent","abasourdisse"
"4","abâtardirions","abâtardirais","abâtardiriez","abâtardirais","abâtardiraient","abâtardirait","abâtardissons","abâtardissez","abâtardis","abâtardirons","abâtardirai","abâtardirez","abâtardiras","abâtardiront","abâtardira","abâtardissions","abâtardissais","abâtardissiez","abâtardissais","abâtardissaient","abâtardissait","abâtardissons","abâtardis","abâtardissez","abâtardis","abâtardissent","abâtardit","abâtardir","abâtardie","abâtardi","abâtardissant","abâtardîmes","abâtardis","abâtardîtes","abâtardis","abâtardirent","abâtardit","abâtardissions","abâtardisse","abâtardissiez","abâtardisses","abâtardissent","abâtardît","abâtardissions","abâtardisse","abâtardissiez","abâtardisses","abâtardissent","abâtardisse"
"5","abattrions","abattrais","abattriez","abattrais","abattraient","abattrait","abattons","abattez","abats","abattrons","abattrai","abattrez","abattras","abattront","abattra","abattions","abattais","abattiez","abattais","abattaient","abattait","abattons","abats","abattez","abats","abattent","abat","abattre","abattue","abattu","abattant","abattîmes","abattis","abattîtes","abattis","abattirent","abattit","abattissions","abattisse","abattissiez","abattisses","abattissent","abattît","abattions","abatte","abattiez","abattes","abattent","abatte"
"6","abcederions","abcederais","abcederiez","abcederais","abcederaient","abcederait","abcédons","abcédez","abcède","abcederons","abcederai","abcederez","abcederas","abcederont","abcedera","abcédions","abcédais","abcédiez","abcédais","abcédaient","abcédait","abcédons","abcède","abcédez","abcèdes","abcèdent","abcède","abcéder","abcédée","abcédé","abcédant","abcédâmes","abcédai","abcédâtes","abcédas","abcédèrent","abcéda","abcédassions","abcédasse","abcédassiez","abcédasses","abcédassent","abcédât","abcédions","abcède","abcédiez","abcèdes","abcèdent","abcède"
"7","abdiquerions","abdiquerais","abdiqueriez","abdiquerais","abdiqueraient","abdiquerait","abdiquons","abdiquez","abdique","abdiquerons","abdiquerai","abdiquerez","abdiqueras","abdiqueront","abdiquera","abdiquions","abdiquais","abdiquiez","abdiquais","abdiquaient","abdiquait","abdiquons","abdique","abdiquez","abdiques","abdiquent","abdique","abdiquer","abdiquée","abdiqué","abdiquant","abdiquâmes","abdiquai","abdiquâtes","abdiquas","abdiquèrent","abdiqua","abdiquassions","abdiquasse","abdiquassiez","abdiquasses","abdiquassent","abdiquât","abdiquions","abdique","abdiquiez","abdiques","abdiquent","abdique"
"8","aberrerions","aberrerais","aberreriez","aberrerais","aberreraient","aberrerait","aberrons","aberrez","aberre","aberrerons","aberrerai","aberrerez","aberreras","aberreront","aberrera","aberrions","aberrais","aberriez","aberrais","aberraient","aberrait","aberrons","aberre","aberrez","aberres","aberrent","aberre","aberrer","aberrée","aberré","aberrant","aberrâmes","aberrai","aberrâtes","aberras","aberrèrent","aberra","aberrassions","aberrasse","aberrassiez","aberrasses","aberrassent","aberrât","aberrions","aberre","aberriez","aberres","aberrent","aberre"
"9","abêtirions","abêtirais","abêtiriez","abêtirais","abêtiraient","abêtirait","abêtissons","abêtissez","abêtis","abêtirons","abêtirai","abêtirez","abêtiras","abêtiront","abêtira","abêtissions","abêtissais","abêtissiez","abêtissais","abêtissaient","abêtissait","abêtissons","abêtis","abêtissez","abêtis","abêtissent","abêtit","abêtir","abêtie","abêti","abêtissant","abêtîmes","abêtis","abêtîtes","abêtis","abêtirent","abêtit","abêtissions","abêtisse","abêtissiez","abêtisses","abêtissent","abêtît","abêtissions","abêtisse","abêtissiez","abêtisses","abêtissent","abêtisse"
"10","abhorrerions","abhorrerais","abhorreriez","abhorrerais","abhorreraient","abhorrerait","abhorrons","abhorrez","abhorre","abhorrerons","abhorrerai","abhorrerez","abhorreras","abhorreront","abhorrera","abhorrions","abhorrais","abhorriez","abhorrais","abhorraient","abhorrait","abhorrons","abhorre","abhorrez","abhorres","abhorrent","abhorre","abhorrer","abhorrée","abhorré","abhorrant","abhorrâmes","abhorrai","abhorrâtes","abhorras","abhorrèrent","abhorra","abhorrassions","abhorrasse","abhorrassiez","abhorrasses","abhorrassent","abhorrât","abhorrions","abhorre","abhorriez","abhorres","abhorrent","abhorre"
"11","abîmerions","abîmerais","abîmeriez","abîmerais","abîmeraient","abîmerait","abîmons","abîmez","abîme","abîmerons","abîmerai","abîmerez","abîmeras","abîmeront","abîmera","abîmions","abîmais","abîmiez","abîmais","abîmaient","abîmait","abîmons","abîme","abîmez","abîmes","abîment","abîme","abîmer","abîmée","abîmé","abîmant","abîmâmes","abîmai","abîmâtes","abîmas","abîmèrent","abîma","abîmassions","abîmasse","abîmassiez","abîmasses","abîmassent","abîmât","abîmions","abîme","abîmiez","abîmes","abîment","abîme"
"12","abjurerions","abjurerais","abjureriez","abjurerais","abjureraient","abjurerait","abjurons","abjurez","abjure","abjurerons","abjurerai","abjurerez","abjureras","abjureront","abjurera","abjurions","abjurais","abjuriez","abjurais","abjuraient","abjurait","abjurons","abjure","abjurez","abjures","abjurent","abjure","abjurer","abjurée","abjuré","abjurant","abjurâmes","abjurai","abjurâtes","abjuras","abjurèrent","abjura","abjurassions","abjurasse","abjurassiez","abjurasses","abjurassent","abjurât","abjurions","abjure","abjuriez","abjures","abjurent","abjure"
"13","ablaterions","ablaterais","ablateriez","ablaterais","ablateraient","ablaterait","ablatons","ablatez","ablate","ablaterons","ablaterai","ablaterez","ablateras","ablateront","ablatera","ablations","ablatais","ablatiez","ablatais","ablataient","ablatait","ablatons","ablate","ablatez","ablates","ablatent","ablate","ablater","ablatée","ablaté","ablatant","ablatâmes","ablatai","ablatâtes","ablatas","ablatèrent","ablata","ablatassions","ablatasse","ablatassiez","ablatasses","ablatassent","ablatât","ablations","ablate","ablatiez","ablates","ablatent","ablate"
"14","abloquerions","abloquerais","abloqueriez","abloquerais","abloqueraient","abloquerait","abloquons","abloquez","abloque","abloquerons","abloquerai","abloquerez","abloqueras","abloqueront","abloquera","abloquions","abloquais","abloquiez","abloquais","abloquaient","abloquait","abloquons","abloque","abloquez","abloques","abloquent","abloque","abloquer","abloquée","abloqué","abloquant","abloquâmes","abloquai","abloquâtes","abloquas","abloquèrent","abloqua","abloquassions","abloquasse","abloquassiez","abloquasses","abloquassent","abloquât","abloquions","abloque","abloquiez","abloques","abloquent","abloque"
"15","abolirions","abolirais","aboliriez","abolirais","aboliraient","abolirait","abolissons","abolissez","abolis","abolirons","abolirai","abolirez","aboliras","aboliront","abolira","abolissions","abolissais","abolissiez","abolissais","abolissaient","abolissait","abolissons","abolis","abolissez","abolis","abolissent","abolit","abolir","abolie","aboli","abolissant","abolîmes","abolis","abolîtes","abolis","abolirent","abolit","abolissions","abolisse","abolissiez","abolisses","abolissent","abolît","abolissions","abolisse","abolissiez","abolisses","abolissent","abolisse"
"16","abominerions","abominerais","abomineriez","abominerais","abomineraient","abominerait","abominons","abominez","abomine","abominerons","abominerai","abominerez","abomineras","abomineront","abominera","abominions","abominais","abominiez","abominais","abominaient","abominait","abominons","abomine","abominez","abomines","abominent","abomine","abominer","abominée","abominé","abominant","abominâmes","abominai","abominâtes","abominas","abominèrent","abomina","abominassions","abominasse","abominassiez","abominasses","abominassent","abominât","abominions","abomine","abominiez","abomines","abominent","abomine"
"17","abonderions","abonderais","abonderiez","abonderais","abonderaient","abonderait","abondons","abondez","abonde","abonderons","abonderai","abonderez","abonderas","abonderont","abondera","abondions","abondais","abondiez","abondais","abondaient","abondait","abondons","abonde","abondez","abondes","abondent","abonde","abonder","abondée","abondé","abondant","abondâmes","abondai","abondâtes","abondas","abondèrent","abonda","abondassions","abondasse","abondassiez","abondasses","abondassent","abondât","abondions","abonde","abondiez","abondes","abondent","abonde"
"18","abonnerions","abonnerais","abonneriez","abonnerais","abonneraient","abonnerait","abonnons","abonnez","abonne","abonnerons","abonnerai","abonnerez","abonneras","abonneront","abonnera","abonnions","abonnais","abonniez","abonnais","abonnaient","abonnait","abonnons","abonne","abonnez","abonnes","abonnent","abonne","abonner","abonnée","abonné","abonnant","abonnâmes","abonnai","abonnâtes","abonnas","abonnèrent","abonna","abonnassions","abonnasse","abonnassiez","abonnasses","abonnassent","abonnât","abonnions","abonne","abonniez","abonnes","abonnent","abonne"
"19","abonnirions","abonnirais","abonniriez","abonnirais","abonniraient","abonnirait","abonnissons","abonnissez","abonnis","abonnirons","abonnirai","abonnirez","abonniras","abonniront","abonnira","abonnissions","abonnissais","abonnissiez","abonnissais","abonnissaient","abonnissait","abonnissons","abonnis","abonnissez","abonnis","abonnissent","abonnit","abonnir","abonnie","abonni","abonnissant","abonnîmes","abonnis","abonnîtes","abonnis","abonnirent","abonnit","abonnissions","abonnisse","abonnissiez","abonnisses","abonnissent","abonnît","abonnissions","abonnisse","abonnissiez","abonnisses","abonnissent","abonnisse"
"20","aborderions","aborderais","aborderiez","aborderais","aborderaient","aborderait","abordons","abordez","aborde","aborderons","aborderai","aborderez","aborderas","aborderont","abordera","abordions","abordais","abordiez","abordais","abordaient","abordait","abordons","aborde","abordez","abordes","abordent","aborde","aborder","abordée","abordé","abordant","abordâmes","abordai","abordâtes","abordas","abordèrent","aborda","abordassions","abordasse","abordassiez","abordasses","abordassent","abordât","abordions","aborde","abordiez","abordes","abordent","aborde"
"21","abornerions","abornerais","aborneriez","abornerais","aborneraient","abornerait","abornons","abornez","aborne","abornerons","abornerai","abornerez","aborneras","aborneront","abornera","abornions","abornais","aborniez","abornais","abornaient","abornait","abornons","aborne","abornez","abornes","abornent","aborne","aborner","abornée","aborné","abornant","abornâmes","abornai","abornâtes","abornas","abornèrent","aborna","abornassions","abornasse","abornassiez","abornasses","abornassent","abornât","abornions","aborne","aborniez","abornes","abornent","aborne"
"22","aboucherions","aboucherais","aboucheriez","aboucherais","aboucheraient","aboucherait","abouchons","abouchez","abouche","aboucherons","aboucherai","aboucherez","aboucheras","aboucheront","abouchera","abouchions","abouchais","abouchiez","abouchais","abouchaient","abouchait","abouchons","abouche","abouchez","abouches","abouchent","abouche","aboucher","abouchée","abouché","abouchant","abouchâmes","abouchai","abouchâtes","abouchas","abouchèrent","aboucha","abouchassions","abouchasse","abouchassiez","abouchasses","abouchassent","abouchât","abouchions","abouche","abouchiez","abouches","abouchent","abouche"
"23","aboulerions","aboulerais","abouleriez","aboulerais","abouleraient","aboulerait","aboulons","aboulez","aboule","aboulerons","aboulerai","aboulerez","abouleras","abouleront","aboulera","aboulions","aboulais","abouliez","aboulais","aboulaient","aboulait","aboulons","aboule","aboulez","aboules","aboulent","aboule","abouler","aboulée","aboulé","aboulant","aboulâmes","aboulai","aboulâtes","aboulas","aboulèrent","aboula","aboulassions","aboulasse","aboulassiez","aboulasses","aboulassent","aboulât","aboulions","aboule","abouliez","aboules","aboulent","aboule"
"24","abouterions","abouterais","abouteriez","abouterais","abouteraient","abouterait","aboutons","aboutez","aboute","abouterons","abouterai","abouterez","abouteras","abouteront","aboutera","aboutions","aboutais","aboutiez","aboutais","aboutaient","aboutait","aboutons","aboute","aboutez","aboutes","aboutent","aboute","abouter","aboutée","abouté","aboutant","aboutâmes","aboutai","aboutâtes","aboutas","aboutèrent","abouta","aboutassions","aboutasse","aboutassiez","aboutasses","aboutassent","aboutât","aboutions","aboute","aboutiez","aboutes","aboutent","aboute"
"25","aboutirions","aboutirais","aboutiriez","aboutirais","aboutiraient","aboutirait","aboutissons","aboutissez","aboutis","aboutirons","aboutirai","aboutirez","aboutiras","aboutiront","aboutira","aboutissions","aboutissais","aboutissiez","aboutissais","aboutissaient","aboutissait","aboutissons","aboutis","aboutissez","aboutis","aboutissent","aboutit","aboutir","aboutie","abouti","aboutissant","aboutîmes","aboutis","aboutîtes","aboutis","aboutirent","aboutit","aboutissions","aboutisse","aboutissiez","aboutisses","aboutissent","aboutît","aboutissions","aboutisse","aboutissiez","aboutisses","aboutissent","aboutisse"
"26","aboierions","aboierais","aboieriez","aboierais","aboieraient","aboierait","aboyons","aboyez","aboie","aboierons","aboierai","aboierez","aboieras","aboieront","aboiera","aboyions","aboyais","aboyiez","aboyais","aboyaient","aboyait","aboyons","aboie","aboyez","aboies","aboient","aboie","aboyer","aboyée","aboyé","aboyant","aboyâmes","aboyai","aboyâtes","aboyas","aboyèrent","aboya","aboyassions","aboyasse","aboyassiez","aboyasses","aboyassent","aboyât","aboyions","aboie","aboyiez","aboies","aboient","aboie"
"27","abraserions","abraserais","abraseriez","abraserais","abraseraient","abraserait","abrasons","abrasez","abrase","abraserons","abraserai","abraserez","abraseras","abraseront","abrasera","abrasions","abrasais","abrasiez","abrasais","abrasaient","abrasait","abrasons","abrase","abrasez","abrases","abrasent","abrase","abraser","abrasée","abrasé","abrasant","abrasâmes","abrasai","abrasâtes","abrasas","abrasèrent","abrasa","abrasassions","abrasasse","abrasassiez","abrasasses","abrasassent","abrasât","abrasions","abrase","abrasiez","abrases","abrasent","abrase"
"28","abrégerions","abrégerais","abrégeriez","abrégerais","abrégeraient","abrégerait","abrégeons","abrégez","abrège","abrégerons","abrégerai","abrégerez","abrégeras","abrégeront","abrégera","abrégions","abrégeais","abrégiez","abrégeais","abrégeaient","abrégeait","abrégeons","abrège","abrégez","abrèges","abrègent","abrège","abréger","abrégée","abrégé","abrégeant","abrégeâmes","abrégeai","abrégeâtes","abrégeas","abrégèrent","abrégea","abrégeassions","abrégeasse","abrégeassiez","abrégeasses","abrégeassent","abrégeât","abrégions","abrège","abrégiez","abrèges","abrègent","abrège"
"29","abreuverions","abreuverais","abreuveriez","abreuverais","abreuveraient","abreuverait","abreuvons","abreuvez","abreuve","abreuverons","abreuverai","abreuverez","abreuveras","abreuveront","abreuvera","abreuvions","abreuvais","abreuviez","abreuvais","abreuvaient","abreuvait","abreuvons","abreuve","abreuvez","abreuves","abreuvent","abreuve","abreuver","abreuvée","abreuvé","abreuvant","abreuvâmes","abreuvai","abreuvâtes","abreuvas","abreuvèrent","abreuva","abreuvassions","abreuvasse","abreuvassiez","abreuvasses","abreuvassent","abreuvât","abreuvions","abreuve","abreuviez","abreuves","abreuvent","abreuve"
"30","abricoterions","abricoterais","abricoteriez","abricoterais","abricoteraient","abricoterait","abricotons","abricotez","abricote","abricoterons","abricoterai","abricoterez","abricoteras","abricoteront","abricotera","abricotions","abricotais","abricotiez","abricotais","abricotaient","abricotait","abricotons","abricote","abricotez","abricotes","abricotent","abricote","abricoter","abricotée","abricoté","abricotant","abricotâmes","abricotai","abricotâtes","abricotas","abricotèrent","abricota","abricotassions","abricotasse","abricotassiez","abricotasses","abricotassent","abricotât","abricotions","abricote","abricotiez","abricotes","abricotent","abricote"
"31","abrierions","abrierais","abrieriez","abrierais","abrieraient","abrierait","abrions","abriez","abrie","abrierons","abrierai","abrierez","abrieras","abrieront","abriera","abriions","abriais","abriiez","abriais","abriaient","abriait","abrions","abrie","abriez","abries","abrient","abrie","abrier","abriée","abrié","abriant","abriâmes","abriai","abriâtes","abrias","abrièrent","abria","abriassions","abriasse","abriassiez","abriasses","abriassent","abriât","abriions","abrie","abriiez","abries","abrient","abrie"
"32","abriterions","abriterais","abriteriez","abriterais","abriteraient","abriterait","abritons","abritez","abrite","abriterons","abriterai","abriterez","abriteras","abriteront","abritera","abritions","abritais","abritiez","abritais","abritaient","abritait","abritons","abrite","abritez","abrites","abritent","abrite","abriter","abritée","abrité","abritant","abritâmes","abritai","abritâtes","abritas","abritèrent","abrita","abritassions","abritasse","abritassiez","abritasses","abritassent","abritât","abritions","abrite","abritiez","abrites","abritent","abrite"
"33","abrogerions","abrogerais","abrogeriez","abrogerais","abrogeraient","abrogerait","abrogeons","abrogez","abroge","abrogerons","abrogerai","abrogerez","abrogeras","abrogeront","abrogera","abrogions","abrogeais","abrogiez","abrogeais","abrogeaient","abrogeait","abrogeons","abroge","abrogez","abroges","abrogent","abroge","abroger","abrogée","abrogé","abrogeant","abrogeâmes","abrogeai","abrogeâtes","abrogeas","abrogèrent","abrogea","abrogeassions","abrogeasse","abrogeassiez","abrogeasses","abrogeassent","abrogeât","abrogions","abroge","abrogiez","abroges","abrogent","abroge"
"34","abrutirions","abrutirais","abrutiriez","abrutirais","abrutiraient","abrutirait","abrutissons","abrutissez","abrutis","abrutirons","abrutirai","abrutirez","abrutiras","abrutiront","abrutira","abrutissions","abrutissais","abrutissiez","abrutissais","abrutissaient","abrutissait","abrutissons","abrutis","abrutissez","abrutis","abrutissent","abrutit","abrutir","abrutie","abruti","abrutissant","abrutîmes","abrutis","abrutîtes","abrutis","abrutirent","abrutit","abrutissions","abrutisse","abrutissiez","abrutisses","abrutissent","abrutît","abrutissions","abrutisse","abrutissiez","abrutisses","abrutissent","abrutisse"
"35","absenterions","absenterais","absenteriez","absenterais","absenteraient","absenterait","absentons-nous","absentez-vous","absente-toi","absenterons","absenterai","absenterez","absenteras","absenteront","absentera","absentions","absentais","absentiez","absentais","absentaient","absentait","absentons","absente","absentez","t’absentes","absentent","absente","s'absenter","absentée","absenté","s'absentant","absentâmes","absentai","absentâtes","absentas","absentèrent","absenta","absentassions","absentasse","absentassiez","absentasses","absentassent","absentât","absentions","absente","absentiez","absentes","absentent","absente"
"36","absorberions","absorberais","absorberiez","absorberais","absorberaient","absorberait","absorbons","absorbez","absorbe","absorberons","absorberai","absorberez","absorberas","absorberont","absorbera","absorbions","absorbais","absorbiez","absorbais","absorbaient","absorbait","absorbons","absorbe","absorbez","absorbes","absorbent","absorbe","absorber","absorbée","absorbé","absorbant","absorbâmes","absorbai","absorbâtes","absorbas","absorbèrent","absorba","absorbassions","absorbasse","absorbassiez","absorbasses","absorbassent","absorbât","absorbions","absorbe","absorbiez","absorbes","absorbent","absorbe"
"37","absoudrions","absoudrais","absoudriez","absoudrais","absoudraient","absoudrait","absolvons","absolvez","absous","absoudrons","absoudrai","absoudrez","absoudras","absoudront","absoudra","absolvions","absolvais","absolviez","absolvais","absolvaient","absolvait","absolvons","absous","absolvez","absous","absolvent","absout","absoudre","absoute","absous","absolvant","","","","","","","","","","","","","absolvions","absolve","absolviez","absolves","absolvent","absolve"
"38","abstiendrions","abstiendrais","abstiendriez","abstiendrais","abstiendraient","abstiendrait","abstenons-nous","abstenez-vous","abstiens-toi","abstiendrons","abstiendrai","abstiendrez","abstiendras","abstiendront","abstiendra","abstenions","abstenais","absteniez","abstenais","abstenaient","abstenait","abstenons","abstiens","abstenez","abstiens","abstiennent","abstient","s'abstenir","abstenue","abstenu","s'abstenant","abstînmes","abstins","abstîntes","abstins","abstinrent","abstint","abstinssions","abstinsse","abstinssiez","abstinsses","abstinssent","abstînt","abstenions","abstienne","absteniez","abstiennes","abstiennent","abstienne"
"39","abstrairions","abstrairais","abstrairiez","abstrairais","abstrairaient","abstrairait","abstrayons","abstrayez","abstrais","abstrairons","abstrairai","abstrairez","abstrairas","abstrairont","abstraira","abstrayions","abstrayais","abstrayiez","abstrayais","abstrayaient","abstrayait","abstrayons","abstrais","abstrayez","abstrais","abstraaient","abstrait","abstraire","abstraite","abstrait","abstrayant","","","","","","","","","","","","","abstrayions","abstraie","abstrayiez","abstraies","abstraient","abstraie"
"40","abuserions","abuserais","abuseriez","abuserais","abuseraient","abuserait","abusons","abusez","abuse","abuserons","abuserai","abuserez","abuseras","abuseront","abusera","abusions","abusais","abusiez","abusais","abusaient","abusait","abusons","abuse","abusez","abuses","abusent","abuse","abuser","abusée","abusé","abusant","abusâmes","abusai","abusâtes","abusas","abusèrent","abusa","abusassions","abusasse","abusassiez","abusasses","abusassent","abusât","abusions","abuse","abusiez","abuses","abusent","abuse"
"41","acagnarderions","acagnarderais","acagnarderiez","acagnarderais","acagnarderaient","acagnarderait","acagnardons","acagnardez","acagnarde","acagnarderons","acagnarderai","acagnarderez","acagnarderas","acagnarderont","acagnardera","acagnardions","acagnardais","acagnardiez","acagnardais","acagnardaient","acagnardait","acagnardons","acagnarde","acagnardez","acagnardes","acagnardent","acagnarde","acagnarder","acagnardée","acagnardé","acagnardant","acagnardâmes","acagnardai","acagnardâtes","acagnardas","acagnardèrent","acagnarda","acagnardassions","acagnardasse","acagnardassiez","acagnardasses","acagnardassent","acagnardât","acagnardions","acagnarde","acagnardiez","acagnardes","acagnardent","acagnarde"
"42","accablerions","accablerais","accableriez","accablerais","accableraient","accablerait","accablons","accablez","accable","accablerons","accablerai","accablerez","accableras","accableront","accablera","accablions","accablais","accabliez","accablais","accablaient","accablait","accablons","accable","accablez","accables","accablent","accable","accabler","accablée","accablé","accablant","accablâmes","accablai","accablâtes","accablas","accablèrent","accabla","accablassions","accablasse","accablassiez","accablasses","accablassent","accablât","accablions","accable","accabliez","accables","accablent","accable"
"43","accaparerions","accaparerais","accapareriez","accaparerais","accapareraient","accaparerait","accaparons","accaparez","accapare","accaparerons","accaparerai","accaparerez","accapareras","accapareront","accaparera","accaparions","accaparais","accapariez","accaparais","accaparaient","accaparait","accaparons","accapare","accaparez","accapares","accaparent","accapare","accaparer","accaparée","accaparé","accaparant","accaparâmes","accaparai","accaparâtes","accaparas","accaparèrent","accapara","accaparassions","accaparasse","accaparassiez","accaparasses","accaparassent","accaparât","accaparions","accapare","accapariez","accapares","accaparent","accapare"
"44","accastillerions","accastillerais","accastilleriez","accastillerais","accastilleraient","accastillerait","accastillons","accastillez","accastille","accastillerons","accastillerai","accastillerez","accastilleras","accastilleront","accastillera","accastillions","accastillais","accastilliez","accastillais","accastillaient","accastillait","accastillons","accastille","accastillez","accastilles","accastillent","accastille","accastiller","accastillée","accastillé","accastillant","accastillâmes","accastillai","accastillâtes","accastillas","accastillèrent","accastilla","accastillassions","accastillasse","accastillassiez","accastillasses","accastillassent","accastillât","accastillions","accastille","accastilliez","accastilles","accastillent","accastille"
"45","accéderions","accéderais","accéderiez","accéderais","accéderaient","accéderait","accédons","accédez","accède","accéderons","accéderai","accéderez","accéderas","accéderont","accédera","accédions","accédais","accédiez","accédais","accédaient","accédait","accédons","accède","accédez","accèdes","accèdent","accède","accéder","accédée","accédé","accédant","accédâmes","accédai","accédâtes","accédas","accédèrent","accéda","accédassions","accédasse","accédassiez","accédasses","accédassent","accédât","accédions","accède","accédiez","accèdes","accèdent","accède"
"46","accélérerions","accélérerais","accéléreriez","accélérerais","accéléreraient","accélérerait","accélérons","accélérez","accélère","accélérerons","accélérerai","accélérerez","accéléreras","accéléreront","accélérera","accélérions","accélérais","accélériez","accélérais","accéléraient","accélérait","accélérons","accélère","accélérez","accélères","accélèrent","accélère","accélérer","accélérée","accéléré","accélérant","accélérâmes","accélérai","accélérâtes","accéléras","accélérèrent","accéléra","accélérassions","accélérasse","accélérassiez","accélérasses","accélérassent","accélérât","accélérions","accélère","accélériez","accélères","accélèrent","accélère"
"47","accentuerions","accentuerais","accentueriez","accentuerais","accentueraient","accentuerait","accentuons","accentuez","accentue","accentuerons","accentuerai","accentuerez","accentueras","accentueront","accentuera","accentuions","accentuais","accentuiez","accentuais","accentuaient","accentuait","accentuons","accentue","accentuez","accentues","accentuent","accentue","accentuer","accentuée","accentué","accentuant","accentuâmes","accentuai","accentuâtes","accentuas","accentuèrent","accentua","accentuassions","accentuasse","accentuassiez","accentuasses","accentuassent","accentuât","accentuions","accentue","accentuiez","accentues","accentuent","accentue"
"48","accepterions","accepterais","accepteriez","accepterais","accepteraient","accepterait","acceptons","acceptez","accepte","accepterons","accepterai","accepterez","accepteras","accepteront","acceptera","acceptions","acceptais","acceptiez","acceptais","acceptaient","acceptait","acceptons","accepte","acceptez","acceptes","acceptent","accepte","accepter","acceptée","accepté","acceptant","acceptâmes","acceptai","acceptâtes","acceptas","acceptèrent","accepta","acceptassions","acceptasse","acceptassiez","acceptasses","acceptassent","acceptât","acceptions","accepte","acceptiez","acceptes","acceptent","accepte"
"49","accessoiriserions","accessoiriserais","accessoiriseriez","accessoiriserais","accessoiriseraient","accessoiriserait","accessoirisons","accessoirisez","accessoirise","accessoiriserons","accessoiriserai","accessoiriserez","accessoiriseras","accessoiriseront","accessoirisera","accessoirisions","accessoirisais","accessoirisiez","accessoirisais","accessoirisaient","accessoirisait","accessoirisons","accessoirise","accessoirisez","accessoirises","accessoirisent","accessoirise","accessoiriser","accessoirisée","accessoirisé","accessoirisant","accessoirisâmes","accessoirisai","accessoirisâtes","accessoirisas","accessoirisèrent","accessoirisa","accessoirisassions","accessoirisasse","accessoirisassiez","accessoirisasses","accessoirisassent","accessoirisât","accessoirisions","accessoirise","accessoirisiez","accessoirises","accessoirisent","accessoirise"
"50","accessoriserions","accessoriserais","accessoriseriez","accessoriserais","accessoriseraient","accessoriserait","accessorisons","accessorisez","accessorise","accessoriserons","accessoriserai","accessoriserez","accessoriseras","accessoriseront","accessorisera","accessorisions","accessorisais","accessorisiez","accessorisais","accessorisaient","accessorisait","accessorisons","accessorise","accessorisez","accessorises","accessorisent","accessorise","accessoriser","accessorisée","accessorisé","accessorisant","accessorisâmes","accessorisai","accessorisâtes","accessorisas","accessorisèrent","accessorisa","accessorisassions","accessorisasse","accessorisassiez","accessorisasses","accessorisassent","accessorisât","accessorisions","accessorise","accessorisiez","accessorises","accessorisent","accessorise"
"51","accidenterions","accidenterais","accidenteriez","accidenterais","accidenteraient","accidenterait","accidentons","accidentez","accidente","accidenterons","accidenterai","accidenterez","accidenteras","accidenteront","accidentera","accidentions","accidentais","accidentiez","accidentais","accidentaient","accidentait","accidentons","accidente","accidentez","accidentes","accidentent","accidente","accidenter","accidentée","accidenté","accidentant","accidentâmes","accidentai","accidentâtes","accidentas","accidentèrent","accidenta","accidentassions","accidentasse","accidentassiez","accidentasses","accidentassent","accidentât","accidentions","accidente","accidentiez","accidentes","accidentent","accidente"
"52","acclamerions","acclamerais","acclameriez","acclamerais","acclameraient","acclamerait","acclamons","acclamez","acclame","acclamerons","acclamerai","acclamerez","acclameras","acclameront","acclamera","acclamions","acclamais","acclamiez","acclamais","acclamaient","acclamait","acclamons","acclame","acclamez","acclames","acclament","acclame","acclamer","acclamée","acclamé","acclamant","acclamâmes","acclamai","acclamâtes","acclamas","acclamèrent","acclama","acclamassions","acclamasse","acclamassiez","acclamasses","acclamassent","acclamât","acclamions","acclame","acclamiez","acclames","acclament","acclame"
"53","acclimaterions","acclimaterais","acclimateriez","acclimaterais","acclimateraient","acclimaterait","acclimatons","acclimatez","acclimate","acclimaterons","acclimaterai","acclimaterez","acclimateras","acclimateront","acclimatera","acclimations","acclimatais","acclimatiez","acclimatais","acclimataient","acclimatait","acclimatons","acclimate","acclimatez","acclimates","acclimatent","acclimate","acclimater","acclimatée","acclimaté","acclimatant","acclimatâmes","acclimatai","acclimatâtes","acclimatas","acclimatèrent","acclimata","acclimatassions","acclimatasse","acclimatassiez","acclimatasses","acclimatassent","acclimatât","acclimations","acclimate","acclimatiez","acclimates","acclimatent","acclimate"
"54","accointerions","accointerais","accointeriez","accointerais","accointeraient","accointerait","accointons","accointez","accointe","accointerons","accointerai","accointerez","accointeras","accointeront","accointera","accointions","accointais","accointiez","accointais","accointaient","accointait","accointons","accointe","accointez","accointes","accointent","accointe","accointer","accointée","accointé","accointant","accointâmes","accointai","accointâtes","accointas","accointèrent","accointa","accointassions","accointasse","accointassiez","accointasses","accointassent","accointât","accointions","accointe","accointiez","accointes","accointent","accointe"
"55","accolerions","accolerais","accoleriez","accolerais","accoleraient","accolerait","accolons","accolez","accole","accolerons","accolerai","accolerez","accoleras","accoleront","accolera","accolions","accolais","accoliez","accolais","accolaient","accolait","accolons","accole","accolez","accoles","accolent","accole","accoler","accolée","accolé","accolant","accolâmes","accolai","accolâtes","accolas","accolèrent","accola","accolassions","accolasse","accolassiez","accolasses","accolassent","accolât","accolions","accole","accoliez","accoles","accolent","accole"
"56","accommoderions","accommoderais","accommoderiez","accommoderais","accommoderaient","accommoderait","accommodons","accommodez","accommode","accommoderons","accommoderai","accommoderez","accommoderas","accommoderont","accommodera","accommodions","accommodais","accommodiez","accommodais","accommodaient","accommodait","accommodons","accommode","accommodez","accommodes","accommodent","accommode","accommoder","accommodée","accommodé","accommodant","accommodâmes","accommodai","accommodâtes","accommodas","accommodèrent","accommoda","accommodassions","accommodasse","accommodassiez","accommodasses","accommodassent","accommodât","accommodions","accommode","accommodiez","accommodes","accommodent","accommode"
"57","accompagnerions","accompagnerais","accompagneriez","accompagnerais","accompagneraient","accompagnerait","accompagnons","accompagnez","accompagne","accompagnerons","accompagnerai","accompagnerez","accompagneras","accompagneront","accompagnera","accompagnions","accompagnais","accompagniez","accompagnais","accompagnaient","accompagnait","accompagnons","accompagne","accompagnez","accompagnes","accompagnent","accompagne","accompagner","accompagnée","accompagné","accompagnant","accompagnâmes","accompagnai","accompagnâtes","accompagnas","accompagnèrent","accompagna","accompagnassions","accompagnasse","accompagnassiez","accompagnasses","accompagnassent","accompagnât","accompagnions","accompagne","accompagniez","accompagnes","accompagnent","accompagne"
"58","accomplirions","accomplirais","accompliriez","accomplirais","accompliraient","accomplirait","accomplissons","accomplissez","accomplis","accomplirons","accomplirai","accomplirez","accompliras","accompliront","accomplira","accomplissions","accomplissais","accomplissiez","accomplissais","accomplissaient","accomplissait","accomplissons","accomplis","accomplissez","accomplis","accomplissent","accomplit","accomplir","accomplie","accompli","accomplissant","accomplîmes","accomplis","accomplîtes","accomplis","accomplirent","accomplit","accomplissions","accomplisse","accomplissiez","accomplisses","accomplissent","accomplît","accomplissions","accomplisse","accomplissiez","accomplisses","accomplissent","accomplisse"
"59","accorderions","accorderais","accorderiez","accorderais","accorderaient","accorderait","accordons","accordez","accorde","accorderons","accorderai","accorderez","accorderas","accorderont","accordera","accordions","accordais","accordiez","accordais","accordaient","accordait","accordons","accorde","accordez","accordes","accordent","accorde","accorder","accordée","accordé","accordant","accordâmes","accordai","accordâtes","accordas","accordèrent","accorda","accordassions","accordasse","accordassiez","accordasses","accordassent","accordât","accordions","accorde","accordiez","accordes","accordent","accorde"
"60","accorerions","accorerais","accoreriez","accorerais","accoreraient","accorerait","accorons","accorez","accore","accorerons","accorerai","accorerez","accoreras","accoreront","accorera","accorions","accorais","accoriez","accorais","accoraient","accorait","accorons","accore","accorez","accores","accorent","accore","accorer","accorée","accoré","accorant","accorâmes","accorai","accorâtes","accoras","accorèrent","accora","accorassions","accorasse","accorassiez","accorasses","accorassent","accorât","accorions","accore","accoriez","accores","accorent","accore"
"61","accosterions","accosterais","accosteriez","accosterais","accosteraient","accosterait","accostons","accostez","accoste","accosterons","accosterai","accosterez","accosteras","accosteront","accostera","accostions","accostais","accostiez","accostais","accostaient","accostait","accostons","accoste","accostez","accostes","accostent","accoste","accoster","accostée","accosté","accostant","accostâmes","accostai","accostâtes","accostas","accostèrent","accosta","accostassions","accostasse","accostassiez","accostasses","accostassent","accostât","accostions","accoste","accostiez","accostes","accostent","accoste"
"62","accoterions","accoterais","accoteriez","accoterais","accoteraient","accoterait","accotons","accotez","accote","accoterons","accoterai","accoterez","accoteras","accoteront","accotera","accotions","accotais","accotiez","accotais","accotaient","accotait","accotons","accote","accotez","accotes","accotent","accote","accoter","accotée","accoté","accotant","accotâmes","accotai","accotâtes","accotas","accotèrent","accota","accotassions","accotasse","accotassiez","accotasses","accotassent","accotât","accotions","accote","accotiez","accotes","accotent","accote"
"63","accoucherions","accoucherais","accoucheriez","accoucherais","accoucheraient","accoucherait","accouchons","accouchez","accouche","accoucherons","accoucherai","accoucherez","accoucheras","accoucheront","accouchera","accouchions","accouchais","accouchiez","accouchais","accouchaient","accouchait","accouchons","accouche","accouchez","accouches","accouchent","accouche","accoucher","accouchée","accouché","accouchant","accouchâmes","accouchai","accouchâtes","accouchas","accouchèrent","accoucha","accouchassions","accouchasse","accouchassiez","accouchasses","accouchassent","accouchât","accouchions","accouche","accouchiez","accouches","accouchent","accouche"
"64","accouderions","accouderais","accouderiez","accouderais","accouderaient","accouderait","accoudons-nous","accoudez-vous","accoude-toi","accouderons","accouderai","accouderez","accouderas","accouderont","accoudera","accoudions","accoudais","accoudiez","accoudais","accoudaient","accoudait","accoudons","accoude","accoudez","accoudes","accoudent","accoude","s'accouder","accoudée","accoudé","s'accoudant","accoudâmes","accoudai","accoudâtes","accoudas","accoudèrent","accouda","accoudassions","accoudasse","accoudassiez","accoudasses","accoudassent","accoudât","accoudions","accoude","accoudiez","accoudes","accoudent","accoude"
"65","accouerions","accouerais","accoueriez","accouerais","accoueraient","accouerait","accouons","accouez","accoue","accouerons","accouerai","accouerez","accoueras","accoueront","accouera","accouions","accouais","accouiez","accouais","accouaient","accouait","accouons","accoue","accouez","accoues","accouent","accoue","accouer","accouée","accoué","accouant","accouâmes","accouai","accouâtes","accouas","accouèrent","accoua","accouassions","accouasse","accouassiez","accouasses","accouassent","accouât","accouions","accoue","accouiez","accoues","accouent","accoue"
"66","accouplerions","accouplerais","accoupleriez","accouplerais","accoupleraient","accouplerait","accouplons","accouplez","accouple","accouplerons","accouplerai","accouplerez","accoupleras","accoupleront","accouplera","accouplions","accouplais","accoupliez","accouplais","accouplaient","accouplait","accouplons","accouple","accouplez","accouples","accouplent","accouple","accoupler","accouplée","accouplé","accouplant","accouplâmes","accouplai","accouplâtes","accouplas","accouplèrent","accoupla","accouplassions","accouplasse","accouplassiez","accouplasses","accouplassent","accouplât","accouplions","accouple","accoupliez","accouples","accouplent","accouple"
"67","accourcirions","accourcirais","accourciriez","accourcirais","accourciraient","accourcirait","accourcissons","accourcissez","accourcis","accourcirons","accourcirai","accourcirez","accourciras","accourciront","accourcira","accourcissions","accourcissais","accourcissiez","accourcissais","accourcissaient","accourcissait","accourcissons","accourcis","accourcissez","accourcis","accourcissent","accourcit","accourcir","accourcie","accourci","accourcissant","accourcîmes","accourcis","accourcîtes","accourcis","accourcirent","accourcit","accourcissions","accourcisse","accourcissiez","accourcisses","accourcissent","accourcît","accourcissions","accourcisse","accourcissiez","accourcisses","accourcissent","accourcisse"
"68","accourrions","accourrais","accourriez","accourrais","accourraient","accourrait","accourons","accourez","accours","accourrons","accourrai","accourrez","accourras","accourront","accourra","accourions","accourais","accouriez","accourais","accouraient","accourait","accourons","accours","accourez","accours","accourent","accourt","accourir","accourue","accouru","accourant","accourûmes","accourus","accourûtes","accourus","accoururent","accourut","accourussions","accourusse","accourussiez","accourusses","accourussent","accourût","accourions","accoure","accouriez","accoures","accourent","accoure"
"69","accoutrerions","accoutrerais","accoutreriez","accoutrerais","accoutreraient","accoutrerait","accoutrons","accoutrez","accoutre","accoutrerons","accoutrerai","accoutrerez","accoutreras","accoutreront","accoutrera","accoutrions","accoutrais","accoutriez","accoutrais","accoutraient","accoutrait","accoutrons","accoutre","accoutrez","accoutres","accoutrent","accoutre","accoutrer","accoutrée","accoutré","accoutrant","accoutrâmes","accoutrai","accoutrâtes","accoutras","accoutrèrent","accoutra","accoutrassions","accoutrasse","accoutrassiez","accoutrasses","accoutrassent","accoutrât","accoutrions","accoutre","accoutriez","accoutres","accoutrent","accoutre"
"70","accoutumerions","accoutumerais","accoutumeriez","accoutumerais","accoutumeraient","accoutumerait","accoutumons","accoutumez","accoutume","accoutumerons","accoutumerai","accoutumerez","accoutumeras","accoutumeront","accoutumera","accoutumions","accoutumais","accoutumiez","accoutumais","accoutumaient","accoutumait","accoutumons","accoutume","accoutumez","accoutumes","accoutument","accoutume","accoutumer","accoutumée","accoutumé","accoutumant","accoutumâmes","accoutumai","accoutumâtes","accoutumas","accoutumèrent","accoutuma","accoutumassions","accoutumasse","accoutumassiez","accoutumasses","accoutumassent","accoutumât","accoutumions","accoutume","accoutumiez","accoutumes","accoutument","accoutume"
"71","accréditerions","accréditerais","accréditeriez","accréditerais","accréditeraient","accréditerait","accréditons","accréditez","accrédite","accréditerons","accréditerai","accréditerez","accréditeras","accréditeront","accréditera","accréditions","accréditais","accréditiez","accréditais","accréditaient","accréditait","accréditons","accrédite","accréditez","accrédites","accréditent","accrédite","accréditer","accréditée","accrédité","accréditant","accréditâmes","accréditai","accréditâtes","accréditas","accréditèrent","accrédita","accréditassions","accréditasse","accréditassiez","accréditasses","accréditassent","accréditât","accréditions","accrédite","accréditiez","accrédites","accréditent","accrédite"
"72","accrocherions","accrocherais","accrocheriez","accrocherais","accrocheraient","accrocherait","accrochons","accrochez","accroche","accrocherons","accrocherai","accrocherez","accrocheras","accrocheront","accrochera","accrochions","accrochais","accrochiez","accrochais","accrochaient","accrochait","accrochons","accroche","accrochez","accroches","accrochent","accroche","accrocher","accrochée","accroché","accrochant","accrochâmes","accrochai","accrochâtes","accrochas","accrochèrent","accrocha","accrochassions","accrochasse","accrochassiez","accrochasses","accrochassent","accrochât","accrochions","accroche","accrochiez","accroches","accrochent","accroche"
"73","","","","","","","","","","","","","","","","","","","","","","","","","","","","accroire","","","","","","","","","","","","","","","","","","","","",""
"74","accroîtrons","accroîtrais","accroîtrez","accroîtrais","accroîtraient","accroîtrait","accroissons","accroissez","accrois","accroîtrons","accroîtrai","accroîtrez","accroîtras","accroîtront","accroîtra","accroissions","accroissais","accroissiez","accroissais","accroissaient","accroissait","accroissons","accrois","accroissez","accrois","accroissent","accroît","accroître","accrue","accru","accroissant","accrûmes","accrus","accrûtes","accrus","accrurent","accrut","accrussions","accrusse","accrussiez","accrusses","accrussent","accrûsse","accroissions","accroisse","accroissiez","accroisses","accroissent","accroisse"
"75","accroupirions","accroupirais","accroupiriez","accroupirais","accroupiraient","accroupirait","accroupissons-nous","accroupissez-vous","accroupis-toi","accroupirons","accroupirai","accroupirez","accroupiras","accroupiront","accroupira","accroupissions","accroupissais","accroupissiez","accroupissais","accroupissaient","accroupissait","accroupissons","accroupis","accroupissez","accroupis","accroupissent","accroupit","s'accroupir","accroupie","accroupi","s'accroupissant","accroupîmes","accroupis","accroupîtes","accroupis","accroupirent","accroupit","accroupissions","accroupisse","accroupissiez","accroupisses","accroupissent","accroupît","accroupissions","accroupisse","accroupissiez","accroupisses","accroupissent","accroupisse"
"76","accueillerions","accueillerais","accueilleriez","accueillerais","accueilleraient","accueillerait","accueillons","accueillez","accueille","accueillerons","accueillerai","accueillerez","accueilleras","accueilleront","accueillera","accueillions","accueillais","accueilliez","accueillais","accueillaient","accueillait","accueillons","accueille","accueillez","accueilles","accueillent","accueille","accueillir","accueillie","accueilli","accueillant","accueillîmes","accueillis","accueillîtes","accueillis","accueillirent","accueillit","accueillissions","accueillisse","accueillissiez","accueillisses","accueillissent","accueillît","accueillions","accueille","accueilliez","accueilles","accueillent","accueille"
"77","acculerions","acculerais","acculeriez","acculerais","acculeraient","acculerait","acculons","acculez","accule","acculerons","acculerai","acculerez","acculeras","acculeront","acculera","acculions","acculais","acculiez","acculais","acculaient","acculait","acculons","accule","acculez","accules","acculent","accule","acculer","acculée","acculé","acculant","acculâmes","acculai","acculâtes","acculas","acculèrent","accula","acculassions","acculasse","acculassiez","acculasses","acculassent","acculât","acculions","accule","acculiez","accules","acculent","accule"
"78","acculturerions","acculturerais","accultureriez","acculturerais","accultureraient","acculturerait","acculturons","acculturez","acculture","acculturerons","acculturerai","acculturerez","accultureras","accultureront","acculturera","acculturions","acculturais","acculturiez","acculturais","acculturaient","acculturait","acculturons","acculture","acculturez","accultures","acculturent","acculture","acculturer","acculturée","acculturé","acculturant","acculturâmes","acculturai","acculturâtes","acculturas","acculturèrent","accultura","acculturassions","acculturasse","acculturassiez","acculturasses","acculturassent","acculturât","acculturions","acculture","acculturiez","accultures","acculturent","acculture"
"79","accumulerions","accumulerais","accumuleriez","accumulerais","accumuleraient","accumulerait","accumulons","accumulez","accumule","accumulerons","accumulerai","accumulerez","accumuleras","accumuleront","accumulera","accumulions","accumulais","accumuliez","accumulais","accumulaient","accumulait","accumulons","accumule","accumulez","accumules","accumulent","accumule","accumuler","accumulée","accumulé","accumulant","accumulâmes","accumulai","accumulâtes","accumulas","accumulèrent","accumula","accumulassions","accumulasse","accumulassiez","accumulasses","accumulassent","accumulât","accumulions","accumule","accumuliez","accumules","accumulent","accumule"
"80","accuserions","accuserais","accuseriez","accuserais","accuseraient","accuserait","accusons","accusez","accuse","accuserons","accuserai","accuserez","accuseras","accuseront","accusera","accusions","accusais","accusiez","accusais","accusaient","accusait","accusons","accuse","accusez","accuses","accusent","accuse","accuser","accusée","accusé","accusant","accusâmes","accusai","accusâtes","accusas","accusèrent","accusa","accusassions","accusasse","accusassiez","accusasses","accusassent","accusât","accusions","accuse","accusiez","accuses","accusent","accuse"
"81","acenserions","acenserais","acenseriez","acenserais","acenseraient","acenserait","acensons","acensez","acense","acenserons","acenserai","acenserez","acenseras","acenseront","acensera","acensions","acensais","acensiez","acensais","acensaient","acensait","acensons","acense","acensez","acenses","acensent","acense","acenser","acensée","acensé","acensant","acensâmes","acensai","acensâtes","acensas","acensèrent","acensa","acensassions","acensasse","acensassiez","acensasses","acensassent","acensât","acensions","acense","acensiez","acenses","acensent","acense"
"82","acérerions","acérerais","acéreriez","acérerais","acéreraient","acérerait","acérons","acérez","acère","acérerons","acérerai","acérerez","acéreras","acéreront","acérera","acérions","acérais","acériez","acérais","acéraient","acérait","acérons","acère","acérez","acères","acèrent","acère","acérer","acérée","acéré","acérant","acérâmes","acérai","acérâtes","acéras","acérèrent","acéra","acérassions","acérasse","acérassiez","acérasses","acérassent","acérât","acérions","acère","acériez","acères","acèrent","acère"
"83","acétifierions","acétifierais","acétifieriez","acétifierais","acétifieraient","acétifierait","acétifions","acétifiez","acétifie","acétifierons","acétifierai","acétifierez","acétifieras","acétifieront","acétifiera","acétifiions","acétifiais","acétifiiez","acétifiais","acétifiaient","acétifiait","acétifions","acétifie","acétifiez","acétifies","acétifient","acétifie","acétifier","acétifiée","acétifié","acétifiant","acétifiâmes","acétifiai","acétifiâtes","acétifias","acétifièrent","acétifia","acétifiassions","acétifiasse","acétifiassiez","acétifiasses","acétifiassent","acétifiât","acétifiions","acétifie","acétifiiez","acétifies","acétifient","acétifie"
"84","acétylerions","acétylerais","acétyleriez","acétylerais","acétyleraient","acétylerait","acétylons","acétylez","acétyle","acétylerons","acétylerai","acétylerez","acétyleras","acétyleront","acétylera","acétylions","acétylais","acétyliez","acétylais","acétylaient","acétylait","acétylons","acétyle","acétylez","acétyles","acétylent","acétyle","acétyler","acétylée","acétylé","acétylant","acétylâmes","acétylai","acétylâtes","acétylas","acétylèrent","acétyla","acétylassions","acétylasse","acétylassiez","acétylasses","acétylassent","acétylât","acétylions","acétyle","acétyliez","acétyles","acétylent","acétyle"
"85","achalanderions","achalanderais","achalanderiez","achalanderais","achalanderaient","achalanderait","achalandons","achalandez","achalande","achalanderons","achalanderai","achalanderez","achalanderas","achalanderont","achalandera","achalandions","achalandais","achalandiez","achalandais","achalandaient","achalandait","achalandons","achalande","achalandez","achalandes","achalandent","achalande","achalander","achalandée","achalandé","achalandant","achalandâmes","achalandai","achalandâtes","achalandas","achalandèrent","achalanda","achalandassions","achalandasse","achalandassiez","achalandasses","achalandassent","achalandât","achalandions","achalande","achalandiez","achalandes","achalandent","achalande"
"86","achalerions","achalerais","achaleriez","achalerais","achaleraient","achalerait","achalons","achalez","achale","achalerons","achalerai","achalerez","achaleras","achaleront","achalera","achalions","achalais","achaliez","achalais","achalaient","achalait","achalons","achale","achalez","achales","achalent","achale","achaler","achalée","achalé","achalant","achalâmes","achalai","achalâtes","achalas","achalèrent","achala","achalassions","achalasse","achalassiez","achalasses","achalassent","achalât","achalions","achale","achaliez","achales","achalent","achale"
"87","acharnerions","acharnerais","acharneriez","acharnerais","acharneraient","acharnerait","acharnons","acharnez","acharne","acharnerons","acharnerai","acharnerez","acharneras","acharneront","acharnera","acharnions","acharnais","acharniez","acharnais","acharnaient","acharnait","acharnons","acharne","acharnez","acharnes","acharnent","acharne","acharner","acharnée","acharné","acharnant","acharnâmes","acharnai","acharnâtes","acharnas","acharnèrent","acharna","acharnassions","acharnasse","acharnassiez","acharnasses","acharnassent","acharnât","acharnions","acharne","acharniez","acharnes","acharnent","acharne"
"88","acheminerions","acheminerais","achemineriez","acheminerais","achemineraient","acheminerait","acheminons","acheminez","achemine","acheminerons","acheminerai","acheminerez","achemineras","achemineront","acheminera","acheminions","acheminais","acheminiez","acheminais","acheminaient","acheminait","acheminons","achemine","acheminez","achemines","acheminent","achemine","acheminer","acheminée","acheminé","acheminant","acheminâmes","acheminai","acheminâtes","acheminas","acheminèrent","achemina","acheminassions","acheminasse","acheminassiez","acheminasses","acheminassent","acheminât","acheminions","achemine","acheminiez","achemines","acheminent","achemine"
"89","achèterions","achèterais","achèteriez","achèterais","achèteraient","achèterait","achetons","achetez","achète","achèterons","achèterai","achèterez","achèteras","achèteront","achètera","achetions","achetais","achetiez","achetais","achetaient","achetait","achetons","achète","achetez","achètes","achètent","achète","acheter","achetée","acheté","achetant","achetâmes","achetai","achetâtes","achetas","achetèrent","acheta","achetassions","achetasse","achetassiez","achetasses","achetassent","achetât","achetions","achète","achetiez","achètes","achètent","achète"
"90","achèverions","achèverais","achèveriez","achèverais","achèveraient","achèverait","achevons","achevez","achève","achèverons","achèverai","achèverez","achèveras","achèveront","achèvera","achevions","achevais","acheviez","achevais","achevaient","achevait","achevons","achève","achevez","achèves","achèvent","achève","achever","achevée","achevé","achevant","achevâmes","achevai","achevâtes","achevas","achevèrent","acheva","achevassions","achevasse","achevassiez","achevasses","achevassent","achevât","achevions","achève","acheviez","achèves","achèvent","achève"
"91","achopperions","achopperais","achopperiez","achopperais","achopperaient","achopperait","achoppons","achoppez","achoppe","achopperons","achopperai","achopperez","achopperas","achopperont","achoppera","achoppions","achoppais","achoppiez","achoppais","achoppaient","achoppait","achoppons","achoppe","achoppez","achoppes","achoppent","achoppe","achopper","achoppée","achoppé","achoppant","achoppâmes","achoppai","achoppâtes","achoppas","achoppèrent","achoppa","achoppassions","achoppasse","achoppassiez","achoppasses","achoppassent","achoppât","achoppions","achoppe","achoppiez","achoppes","achoppent","achoppe"
"92","achromatiserions","achromatiserais","achromatiseriez","achromatiserais","achromatiseraient","achromatiserait","achromatisons","achromatisez","achromatise","achromatiserons","achromatiserai","achromatiserez","achromatiseras","achromatiseront","achromatisera","achromatisions","achromatisais","achromatisiez","achromatisais","achromatisaient","achromatisait","achromatisons","achromatise","achromatisez","achromatises","achromatisent","achromatise","achromatiser","achromatisée","achromatisé","achromatisant","achromatisâmes","achromatisai","achromatisâtes","achromatisas","achromatisèrent","achromatisa","achromatisassions","achromatisasse","achromatisassiez","achromatisasses","achromatisassent","achromatisât","achromatisions","achromatise","achromatisiez","achromatises","achromatisent","achromatise"
"93","acidifierions","acidifierais","acidifieriez","acidifierais","acidifieraient","acidifierait","acidifions","acidifiez","acidifie","acidifierons","acidifierai","acidifierez","acidifieras","acidifieront","acidifiera","acidifiions","acidifiais","acidifiiez","acidifiais","acidifiaient","acidifiait","acidifions","acidifie","acidifiez","acidifies","acidifient","acidifie","acidifier","acidifiée","acidifié","acidifiant","acidifiâmes","acidifiai","acidifiâtes","acidifias","acidifièrent","acidifia","acidifiassions","acidifiasse","acidifiassiez","acidifiasses","acidifiassent","acidifiât","acidifiions","acidifie","acidifiiez","acidifies","acidifient","acidifie"
"94","acidulerions","acidulerais","aciduleriez","acidulerais","aciduleraient","acidulerait","acidulons","acidulez","acidule","acidulerons","acidulerai","acidulerez","aciduleras","aciduleront","acidulera","acidulions","acidulais","aciduliez","acidulais","acidulaient","acidulait","acidulons","acidule","acidulez","acidules","acidulent","acidule","aciduler","acidulée","acidulé","acidulant","acidulâmes","acidulai","acidulâtes","acidulas","acidulèrent","acidula","acidulassions","acidulasse","acidulassiez","acidulasses","acidulassent","acidulât","acidulions","acidule","aciduliez","acidules","acidulent","acidule"
"95","aciérerions","aciérerais","aciéreriez","aciérerais","aciéreraient","aciérerait","aciérons","aciérez","acière","aciérerons","aciérerai","aciérerez","aciéreras","aciéreront","aciérera","aciérions","aciérais","aciériez","aciérais","aciéraient","aciérait","aciérons","acière","aciérez","acières","acièrent","acière","aciérer","aciérée","aciéré","aciérant","aciérâmes","aciérai","aciérâtes","aciéras","aciérèrent","aciéra","aciérassions","aciérasse","aciérassiez","aciérasses","aciérassent","aciérât","aciérions","acière","aciériez","acières","acièrent","acière"
"96","acisèlerions","acisèlerais","acisèleriez","acisèlerais","acisèleraient","acisèlerait","aciselons","aciselez","acisèle","acisèlerons","acisèlerai","acisèlerez","acisèleras","acisèleront","acisèlera","aciselions","aciselais","aciseliez","aciselais","aciselaient","aciselait","aciselons","acisèle","aciselez","acisèles","acisèlent","acisèle","aciseler","aciselée","aciselé","aciselant","aciselâmes","aciselai","aciselâtes","aciselas","aciselèrent","acisela","aciselassions","aciselasse","aciselassiez","aciselasses","aciselassent","aciselât","aciselions","acisèle","aciseliez","acisèles","acisèlent","acisèle"
"97","acoquinerions","acoquinerais","acoquineriez","acoquinerais","acoquineraient","acoquinerait","acoquinons-nous","acoquinez-vous","acoquine-toi","acoquinerons","acoquinerai","acoquinerez","acoquineras","acoquineront","acoquinera","acoquinions","acoquinais","acoquiniez","acoquinais","acoquinaient","acoquinait","acoquinons","acoquine","acoquinez","acoquines","acoquinent","acoquine","s'acoquiner","acoquinée","acoquiné","s'acoquinant","acoquinâmes","acoquinai","acoquinâtes","acoquinas","acoquinèrent","acoquina","acoquinassions","acoquinasse","acoquinassiez","acoquinasses","acoquinassent","acoquinât","acoquinions","acoquine","acoquiniez","acoquines","acoquinent","acoquine"
"98","acquerrions","acquerrais","acquerriez","acquerrais","acquerraient","acquerrait","acquérons","acquérez","acquiers","acquerrons","acquerrai","acquerrez","acquerras","acquerront","acquerra","acquérions","acquérais","acquériez","acquérais","acquéraient","acquérait","acquérons","acquiers","acquérez","acquiers","acquièrent","acquiert","acquérir","acquise","acquis","acquérant","acquîmes","acquis","acquîtes","acquis","acquirent","acquit","acquissions","acquisse","acquissiez","acquisses","acquissent","acquît","acquérions","acquière","acquériez","acquières","acquièrent","acquière"
"99","acquiescerions","acquiescerais","acquiesceriez","acquiescerais","acquiesceraient","acquiescerait","acquiesçons","acquiescez","acquiesce","acquiescerons","acquiescerai","acquiescerez","acquiesceras","acquiesceront","acquiescera","acquiescions","acquiesçais","acquiesciez","acquiesçais","acquiesçaient","acquiesçait","acquiesçons","acquiesce","acquiescez","acquiesces","acquiescent","acquiesce","acquiescer","acquiescée","acquiescé","acquiesçant","acquiesçâmes","acquiesçai","acquiesçâtes","acquiesças","acquiescèrent","acquiesça","acquiesçassions","acquiesçasse","acquiesçassiez","acquiesçasses","acquiesçassent","acquiesçât","acquiescions","acquiesce","acquiesciez","acquiesces","acquiescent","acquiesce"
"100","acquitterions","acquitterais","acquitteriez","acquitterais","acquitteraient","acquitterait","acquittons","acquittez","acquitte","acquitterons","acquitterai","acquitterez","acquitteras","acquitteront","acquittera","acquittions","acquittais","acquittiez","acquittais","acquittaient","acquittait","acquittons","acquitte","acquittez","acquittes","acquittent","acquitte","acquitter","acquittée","acquitté","acquittant","acquittâmes","acquittai","acquittâtes","acquittas","acquittèrent","acquitta","acquittassions","acquittasse","acquittassiez","acquittasses","acquittassent","acquittât","acquittions","acquitte","acquittiez","acquittes","acquittent","acquitte"
